{
    "category": "Metadata",
    "changelog": "\u2022 Removed Jellyfin core DLLs from the bundle\n\u2022 Added Polly retry logic only (Polly.*, Microsoft.Extensions.Http.Polly)\n\u2022 Target ABI bumped to 10.11.0.0\n",
    "description": "Creates .strm / .edl / .nfo files for AniLiberty titles and favourites.\n",
    "guid": "cce0798d-c8b7-4265-b08c-dc9e7bd3fc0f",
    "image": "icon.png",
    "name": "AniLiberty STRM Plugin",
    "overview": "Generates STRM libraries for the full catalogue and/or user favourites, with EDL intro-skip and proper NFO metadata.\n",
    "owner": "queukat",
    "targetAbi": "10.11.0.0",
    "timestamp": "2025-12-02T11:37:43Z",
    "version": "2.0.0.3"
}